index,Rectifier,Sigmoid,Tanh
train,0.9660107334525939,0.7650566487775791,0.9558735837805606
test,0.9642857142857143,0.7214285714285714,0.9404761904761904
