index,Rectifier,Sigmoid,Tanh
train,0.9677996422182469,0.7506261180679785,0.9556350626118068
test,0.9642857142857142,0.7085714285714285,0.9407142857142856
